{
  "SciEvo": {
    "protocol": "SciEvo_TTE",
    "latency_ms": 88.66730117188126,
    "success_rate": 1.0,
    "mutations": 256
  },
  "RE_Bench": {
    "protocol": "RE_Bench",
    "throughput": 10254.254233775846,
    "speedup": 2050.850846755169
  }
}